method,avgQuality,avgNumQualityChanges
Method1,2002.57285714286,189.642857142857
Method10,2356.54035714286,38
Method2,2331.55928571429,51.25
Method3,1554.54392857143,15.1428571428571
Method4,2091.64382142857,38.75
Method5,2462.68321428571,36.9285714285714
Method6,2455.84607142857,35
Method7,1582.47725,25.7857142857143
Method8,1830.55428571429,45.6428571428571
Method9,2291.68714285714,47.6785714285714
