method,avgQuality,avgNumQualityChanges
Method1,1592.81457142857,77.6785714285714
Method10,2311.23253571429,25.0714285714286
Method2,2224.55371428571,28.4642857142857
Method3,1935.02742857143,7.60714285714286
Method4,2149.493,36.3928571428571
Method5,2343.62582142857,25.5357142857143
Method6,2337.35896428571,22.1428571428571
Method7,1639.17085714286,31.3571428571429
Method8,1633.61860714286,33.1785714285714
Method9,2195.31242857143,38.4285714285714
