method,avgQuality,avgNumQualityChanges
Method1,1521.53564285714,17.3214285714286
Method10,2240.95357142857,18
Method2,2015.54735714286,14.6071428571429
Method3,1994.702,8.75
Method4,1955.41867857143,31.2857142857143
Method5,2284.97032142857,18.1428571428571
Method6,2227.06482142857,17.9285714285714
Method7,1654.35796428571,23.3214285714286
Method8,1605.12189285714,28.5357142857143
Method9,1987.25171428571,31.3571428571429
